,,1,2,3,4,5,6,7,8,9,10,11,12,,,L1,,,,,,,,,,,,
,27.5,0.2275,0.1257,0.1243,0.1379,0.132,0.1447,0.1495,0.1602,0.1498,0.1073,0.1123,0.1131,,,0,0.2275,0.1257,0.1243,0.1379,0.132,0.1447,0.1495,0.1602,0.1498,0.1073,0.1123,0.1131
,,0.1239,0.121,0.1218,0.1257,0.1412,0.1372,0.1478,0.1367,0.1434,0.1103,0.1138,0.11,,,2,0.2617,0.2712,0.2714,0.1794,0.178,0.1882,0.3369,0.3329,0.3256,0.2579,0.2444,0.241
,,0.1252,0.1223,0.1241,0.1333,0.1326,0.1293,0.1448,0.1428,0.1488,0.1142,0.1132,0.116,,,4,0.3596,0.3803,0.3833,0.3436,0.3455,0.3923,0.5883,0.5864,0.5892,0.4632,0.4591,0.4428
,,0.1262,0.1238,0.1261,0.1252,0.1249,0.1494,0.1438,0.1466,0.1504,0.1175,0.1206,0.1183,,,6,0.4864,0.5145,0.5235,0.4978,0.5121,0.4822,0.7632,0.7636,0.7611,0.6108,0.6034,0.5903
,,0.1214,0.1246,0.1224,0.1306,0.1288,0.1425,0.1424,0.1456,0.1476,0.1155,0.1143,0.112,,,8,0.6412,0.6471,0.6655,0.553,0.5478,0.5278,0.9395,0.9414,0.9339,0.8289,0.8331,0.8122
,,0.1288,0.1417,0.1292,0.1348,0.134,0.1336,0.1426,0.1495,0.1498,0.1179,0.1224,0.116,,,10,0.7275,0.7288,0.7533,0.5953,0.5723,0.5513,1.0835,1.091,1.0859,0.967,0.9596,0.9485
,,0.0833,0.0842,0.0846,0.0822,0.0831,0.082,0.0831,0.0831,0.0835,0.0831,0.0853,0.0845,,,12,0.7582,0.7671,0.7827,0.7497,0.673,0.6356,1.1642,1.1524,1.1549,1.0167,1.0313,1.0198
,,0.0836,0.0837,0.0829,0.0861,0.0851,0.0847,0.0829,0.0847,0.084,0.09,0.0866,0.0819,,,,,,,,,,,,,,,
,,,,,,,,,,,,,,,,L2,,,,,,,,,,,,
~End,,,,,,,,,,,,,,,,0,0.1239,0.121,0.1218,0.1257,0.1412,0.1372,0.1478,0.1367,0.1434,0.1103,0.1138,0.11
Plate:,OD600 2 hr,1.3,PlateFormat,Endpoint,Absorbance,Raw,FALSE,1,,,,,,,,2,0.2733,0.2884,0.29,0.1754,0.1851,0.182,0.3209,0.3205,0.3294,0.2744,0.2735,0.2656
,,1,2,3,4,5,6,7,8,9,10,11,12,,,4,0.3994,0.4217,0.4186,0.3622,0.3915,0.3738,0.5763,0.5821,0.5854,0.4918,0.4831,0.4687
,28,0.2617,0.2712,0.2714,0.1794,0.178,0.1882,0.3369,0.3329,0.3256,0.2579,0.2444,0.241,,,6,0.5175,0.5558,0.5552,0.5337,0.5239,0.5458,0.7921,0.7911,0.7902,0.6438,0.6424,0.6183
,,0.2733,0.2884,0.29,0.1754,0.1851,0.182,0.3209,0.3205,0.3294,0.2744,0.2735,0.2656,,,8,0.7232,0.7451,0.7517,0.5728,0.5348,0.5631,0.995,0.9786,1.0001,0.8181,0.82,0.81
,,0.2772,0.2912,0.2888,0.1903,0.1932,0.1966,0.3257,0.3272,0.3313,0.2901,0.2888,0.2758,,,10,0.8124,0.8345,0.8356,0.6319,0.589,0.6105,1.1343,1.1051,1.1447,1.0012,1.009,0.9791
,,0.2803,0.2942,0.2947,0.1686,0.1717,0.1855,0.3181,0.3178,0.3341,0.2909,0.2964,0.2859,,,12,0.8098,0.8394,0.8587,0.6768,0.6646,0.6816,1.1937,1.1412,1.1842,1.0916,1.1075,1.0526
,,0.2754,0.2936,0.3035,0.1727,0.1757,0.1753,0.3233,0.3301,0.3363,0.2884,0.2917,0.2918,,,,,,,,,,,,,,,
,,0.2845,0.2942,0.302,0.1863,0.188,0.1904,0.3262,0.3306,0.3347,0.3019,0.3085,0.3052,,,L3,,,,,,,,,,,,
,,0.0836,0.0857,0.0854,0.0847,0.0838,0.0837,0.0848,0.0841,0.0842,0.0862,0.0881,0.085,,,0,0.1252,0.1223,0.1241,0.1333,0.1326,0.1293,0.1448,0.1428,0.1488,0.1142,0.1132,0.116
,,0.0843,0.0854,0.084,0.0856,0.0889,0.0865,0.0862,0.0869,0.0863,0.0896,0.0906,0.1659,,,2,0.2772,0.2912,0.2888,0.1903,0.1932,0.1966,0.3257,0.3272,0.3313,0.2901,0.2888,0.2758
,,,,,,,,,,,,,,,,4,0.41,0.4258,0.4276,0.4109,0.4259,0.4214,0.6048,0.6122,0.6038,0.5251,0.5266,0.4966
~End,,,,,,,,,,,,,,,,6,0.5371,0.5562,0.5577,0.5415,0.5094,0.5076,0.8197,0.8295,0.8188,0.7321,0.7321,0.707
Plate:,OD600 4 hr,1.3,PlateFormat,Endpoint,Absorbance,Raw,FALSE,1,,,,,,,,8,0.742,0.7525,0.759,0.6058,0.6025,0.5807,1.0037,1.0088,1.0141,0.9398,0.9231,0.9356
,,1,2,3,4,5,6,7,8,9,10,11,12,,,10,0.8162,0.8353,0.8418,0.675,0.6425,0.6482,1.1265,1.128,1.1364,1.0767,1.06,1.0665
,28,0.3596,0.3803,0.3833,0.3436,0.3455,0.3923,0.5883,0.5864,0.5892,0.4632,0.4591,0.4428,,,12,0.8268,0.846,0.8725,0.7549,0.7233,0.7354,1.176,1.1519,1.1598,1.1134,1.0879,1.0971
,,0.3994,0.4217,0.4186,0.3622,0.3915,0.3738,0.5763,0.5821,0.5854,0.4918,0.4831,0.4687,,,,,,,,,,,,,,,
,,0.41,0.4258,0.4276,0.4109,0.4259,0.4214,0.6048,0.6122,0.6038,0.5251,0.5266,0.4966,,,L4 ,,,,,,,,,,,,
,,0.4071,0.441,0.4359,0.3426,0.3555,0.4057,0.5867,0.5956,0.5906,0.5254,0.5228,0.5135,,,0,0.1262,0.1238,0.1261,0.1252,0.1249,0.1494,0.1438,0.1466,0.1504,0.1175,0.1206,0.1183
,,0.3908,0.4325,0.437,0.3525,0.3696,0.3695,0.6033,0.6094,0.6055,0.532,0.5288,0.4992,,,2,0.2803,0.2942,0.2947,0.1686,0.1717,0.1855,0.3181,0.3178,0.3341,0.2909,0.2964,0.2859
,,0.4201,0.4454,0.4492,0.3986,0.4057,0.3944,0.6208,0.6228,0.6365,0.5431,0.5544,0.5346,,,4,0.4071,0.441,0.4359,0.3426,0.3555,0.4057,0.5867,0.5956,0.5906,0.5254,0.5228,0.5135
,,0.0864,0.0864,0.0873,0.087,0.0873,0.0871,0.0868,0.094,0.0887,0.0872,0.0864,0.0842,,,6,0.5351,0.5671,0.5657,0.5107,0.5326,0.4532,0.7923,0.806,0.803,0.7425,0.7396,0.7266
,,0.0855,0.0876,0.0858,0.0874,0.0881,0.0874,0.0872,0.0896,0.087,0.0882,0.088,0.0823,,,8,0.7436,0.7702,0.7709,0.5729,0.5707,0.5125,0.9851,0.9973,1.0078,0.9528,0.9434,0.9432
,,,,,,,,,,,,,,,,10,0.8187,0.8384,0.839,0.6246,0.6304,0.5457,1.108,1.1135,1.1302,1.0694,1.0859,1.0721
~End,,,,,,,,,,,,,,,,12,0.8137,0.86,0.8705,0.7025,0.7226,0.6513,1.1757,1.1461,1.1597,1.098,1.1188,1.102
Plate:,OD600 6 hr,1.3,PlateFormat,Endpoint,Absorbance,Raw,FALSE,1,,,,,,,,,,,,,,,,,,,,
,,1,2,3,4,5,6,7,8,9,10,11,12,,,L5,,,,,,,,,,,,
,28,0.4864,0.5145,0.5235,0.4978,0.5121,0.4822,0.7632,0.7636,0.7611,0.6108,0.6034,0.5903,,,0,0.1214,0.1246,0.1224,0.1306,0.1288,0.1425,0.1424,0.1456,0.1476,0.1155,0.1143,0.112
,,0.5175,0.5558,0.5552,0.5337,0.5239,0.5458,0.7921,0.7911,0.7902,0.6438,0.6424,0.6183,,,2,0.2754,0.2936,0.3035,0.1727,0.1757,0.1753,0.3233,0.3301,0.3363,0.2884,0.2917,0.2918
,,0.5371,0.5562,0.5577,0.5415,0.5094,0.5076,0.8197,0.8295,0.8188,0.7321,0.7321,0.707,,,4,0.3908,0.4325,0.437,0.3525,0.3696,0.3695,0.6033,0.6094,0.6055,0.532,0.5288,0.4992
,,0.5351,0.5671,0.5657,0.5107,0.5326,0.4532,0.7923,0.806,0.803,0.7425,0.7396,0.7266,,,6,0.521,0.5582,0.5721,0.5033,0.5109,0.485,0.8298,0.8244,0.8283,0.7341,0.7256,0.7039
,,0.521,0.5582,0.5721,0.5033,0.5109,0.485,0.8298,0.8244,0.8283,0.7341,0.7256,0.7039,,,8,0.7427,0.7634,0.7589,0.5602,0.5515,0.5685,1.0031,1.0151,1.0176,0.9453,0.9498,0.9336
,,0.5448,0.5854,0.5887,0.4845,0.4897,0.4998,0.8385,0.8369,0.858,0.7509,0.7504,0.7408,,,10,0.8036,0.8405,0.8933,0.6059,0.579,0.5855,1.1207,1.1199,1.1192,1.0742,1.0885,1.0603
,,0.0864,0.0909,0.0868,0.086,0.0864,0.0858,0.0858,0.0927,0.0882,0.0872,0.0871,0.0841,,,12,0.8142,0.8521,0.9239,0.6986,0.6715,0.6842,1.1641,1.154,1.1547,1.1092,1.1302,1.1048
,,0.0865,0.0885,0.0864,0.0877,0.0878,0.0882,0.0864,0.0893,0.0869,0.0894,0.0883,0.0828,,,,,,,,,,,,,,,
,,,,,,,,,,,,,,,,,,,,,,,,,,,,
~End,,,,,,,,,,,,,,,,,,,,,,,,,,,,
Plate:,OD600 8 hr,1.3,PlateFormat,Endpoint,Absorbance,Raw,FALSE,1,,,,,,,,L6,,,,,,,,,,,,
,,1,2,3,4,5,6,7,8,9,10,11,12,,,0,0.1288,0.1417,0.1292,0.1348,0.134,0.1336,0.1426,0.1495,0.1498,0.1179,0.1224,0.116
,28,0.6412,0.6471,0.6655,0.553,0.5478,0.5278,0.9395,0.9414,0.9339,0.8289,0.8331,0.8122,,,2,0.2845,0.2942,0.302,0.1863,0.188,0.1904,0.3262,0.3306,0.3347,0.3019,0.3085,0.3052
,,0.7232,0.7451,0.7517,0.5728,0.5348,0.5631,0.995,0.9786,1.0001,0.8181,0.82,0.81,,,4,0.4201,0.4454,0.4492,0.3986,0.4057,0.3944,0.6208,0.6228,0.6365,0.5431,0.5544,0.5346
,,0.742,0.7525,0.759,0.6058,0.6025,0.5807,1.0037,1.0088,1.0141,0.9398,0.9231,0.9356,,,6,0.5448,0.5854,0.5887,0.4845,0.4897,0.4998,0.8385,0.8369,0.858,0.7509,0.7504,0.7408
,,0.7436,0.7702,0.7709,0.5729,0.5707,0.5125,0.9851,0.9973,1.0078,0.9528,0.9434,0.9432,,,8,0.7587,0.7872,0.7887,0.5516,0.5346,0.5583,1.0091,1.017,1.0331,0.951,0.9512,0.9453
,,0.7427,0.7634,0.7589,0.5602,0.5515,0.5685,1.0031,1.0151,1.0176,0.9453,0.9498,0.9336,,,10,0.8204,0.8485,0.8512,0.6141,0.6063,0.6211,1.1295,1.1281,1.1285,1.0678,1.0824,1.0807
,,0.7587,0.7872,0.7887,0.5516,0.5346,0.5583,1.0091,1.017,1.0331,0.951,0.9512,0.9453,,,12,0.8133,0.8556,0.8791,0.7378,0.7155,0.7352,1.1619,1.1575,1.1414,1.1026,1.1164,1.1133
,,0.0852,0.0896,0.0867,0.0856,0.0862,0.0852,0.0852,0.0921,0.089,0.0874,0.0873,0.0836,,,,,,,,,,,,,,,
,,0.0855,0.0874,0.0862,0.0876,0.0868,0.0867,0.0855,0.0891,0.0866,0.0901,0.0885,0.0827,,,,,,,,,,,,,,,
,,,,,,,,,,,,,,,,,,,,,,,,,,,,
~End,,,,,,,,,,,,,,,,,,,,,,,,,,,,
Plate:,OD600 10 hr,1.3,PlateFormat,Endpoint,Absorbance,Raw,FALSE,1,,,,,,,,,,,,,,,,,,,,
,,1,2,3,4,5,6,7,8,9,10,11,12,,,,,,,,,,,,,,,
,28,0.7275,0.7288,0.7533,0.5953,0.5723,0.5513,1.0835,1.091,1.0859,0.967,0.9596,0.9485,,,,,,,,,,,,,,,
,,0.8124,0.8345,0.8356,0.6319,0.589,0.6105,1.1343,1.1051,1.1447,1.0012,1.009,0.9791,,,,,,,,,,,,,,,
,,0.8162,0.8353,0.8418,0.675,0.6425,0.6482,1.1265,1.128,1.1364,1.0767,1.06,1.0665,,,,,,,,,,,,,,,
,,0.8187,0.8384,0.839,0.6246,0.6304,0.5457,1.108,1.1135,1.1302,1.0694,1.0859,1.0721,,,,,,,,,,,,,,,
,,0.8036,0.8405,0.8933,0.6059,0.579,0.5855,1.1207,1.1199,1.1192,1.0742,1.0885,1.0603,,,,,,,,,,,,,,,
,,0.8204,0.8485,0.8512,0.6141,0.6063,0.6211,1.1295,1.1281,1.1285,1.0678,1.0824,1.0807,,,,,,,,,,,,,,,
,,0.0859,0.0859,0.0861,0.0853,0.086,0.0866,0.085,0.0908,0.0896,0.0858,0.0873,0.0835,,,,,,,,,,,,,,,
,,0.0851,0.0889,0.0862,0.0871,0.0872,0.0879,0.0858,0.0882,0.085,0.0926,0.0894,0.0826,,,,,,,,,,,,,,,
,,,,,,,,,,,,,,,,,,,,,,,,,,,,
~End,,,,,,,,,,,,,,,,,,,,,,,,,,,,
Plate:,OD600 12 hr,1.3,PlateFormat,Endpoint,Absorbance,Raw,FALSE,1,,,,,,,,,,,,,,,,,,,,
,,1,2,3,4,5,6,7,8,9,10,11,12,,,,,,,,,,,,,,,
,28,0.7582,0.7671,0.7827,0.7497,0.673,0.6356,1.1642,1.1524,1.1549,1.0167,1.0313,1.0198,,,,,,,,,,,,,,,
,,0.8098,0.8394,0.8587,0.6768,0.6646,0.6816,1.1937,1.1412,1.1842,1.0916,1.1075,1.0526,,,,,,,,,,,,,,,
,,0.8268,0.846,0.8725,0.7549,0.7233,0.7354,1.176,1.1519,1.1598,1.1134,1.0879,1.0971,,,,,,,,,,,,,,,
,,0.8137,0.86,0.8705,0.7025,0.7226,0.6513,1.1757,1.1461,1.1597,1.098,1.1188,1.102,,,,,,,,,,,,,,,
,,0.8142,0.8521,0.9239,0.6986,0.6715,0.6842,1.1641,1.154,1.1547,1.1092,1.1302,1.1048,,,,,,,,,,,,,,,
,,0.8133,0.8556,0.8791,0.7378,0.7155,0.7352,1.1619,1.1575,1.1414,1.1026,1.1164,1.1133,,,,,,,,,,,,,,,
,,0.0848,0.086,0.0862,0.0852,0.0856,0.0866,0.085,0.0882,0.0854,0.0847,0.087,0.0838,,,,,,,,,,,,,,,
,,0.0854,0.0885,0.0856,0.0866,0.087,0.0867,0.0858,0.0882,0.0866,0.0975,0.0894,0.0826,,,,,,,,,,,,,,,
,,,,,,,,,,,,,,,,,,,,,,,,,,,,
~End,,,,,,,,,,,,,,,,,,,,,,,,,,,,
Plate:,LUMINISCENCE 0 hr,1.3,PlateFormat,Endpoint,Luminescence,Raw,FALSE,1,,,,,,,,,,,,,,,,,,,,
,,1,2,3,4,5,6,7,8,9,10,11,12,,,,,,,,,,,,,,,
,27.5,58,106,407,1440282,1385423,1348849,1351059,1388498,1387547,879817,882897,896955,,,,,,,,,,,,,,,
,,67,84,610,1298898,1330061,1374566,1556914,1551873,1522424,848720,873459,865303,,,,,,,,,,,,,,,
,,83,100,867,2855872,2833612,2943634,1536458,1550858,1522574,1113819,1210161,1191220,,,,,,,,,,,,,,,
,,128,145,486,1794088,1848461,1877668,1502081,1456947,1470867,1320540,1363352,1306530,,,,,,,,,,,,,,,
,,112,132,985,1971326,2050110,2059845,1493834,1500028,1564633,1217121,1210313,1257202,,,,,,,,,,,,,,,
,,90,148,1438,3905567,3819054,3782934,1866616,1865731,1860254,1457572,1458676,1517593,,,,,,,,,,,,,,,
,,,,,,,,,,,,,,,,,,,,,,,,,,,,
,,78,72,696,4156,4970,4758,798,183,443,2084,2713,2628,,,,,,,,,,,,,,,
,,74,71,118,172,172,174,168,132,124,145,153,158,,,,,,,,,,,,,,,
~End,,,,,,,,,,,,,,,,,,,,,,,,,,,,
Plate:,Copy Of LUMINISCENCE 0 hr,,,,,,,,,,,,,,,,,,,,,,,,,,,
,,1.3,PlateFormat,Endpoint,Luminescence,Raw,FALSE,1,,,,,,,,,,,,,,,,,,,,
,27.5,1,2,3,4,5,6,7,8,9,10,11,12,,,,,,,,,,,,,,,
,,128,145,486,1794088,1848461,1877668,1502081,1456947,1470867,1320540,1363352,1306530,,,,,,,,,,,,,,,
,,112,132,985,1971326,2050110,2059845,1493834,1500028,1564633,1217121,1210313,1257202,,,,,,,,,,,,,,,
,,90,148,1438,3905567,3819054,3782934,1866616,1865731,1860254,1457572,1458676,1517593,,,,,,,,,,,,,,,
,,,,,,,,,,,,,,,,,,,,,,,,,,,,
,,,,,,,,,,,,,,,,,,,,,,,,,,,,
,,,,,,,,,,,,,,,,,,,,,,,,,,,,
,,100,143,1155,7866,8699,7747,1498,286,636,3423,3779,3725,,,,,,,,,,,,,,,
,,107,134,172,258,301,303,232,198,203,213,219,243,,,,,,,,,,,,,,,
~End,,,,,,,,,,,,,,,,,,,,,,,,,,,,
Plate:,LUMINISCENCE 2 hr,,,,,,,,,,,,,,,,,,,,,,,,,,,
,,1.3,PlateFormat,Endpoint,Luminescence,Raw,FALSE,1,,,,,,,,,,,,,,,,,,,,
,28,1,2,3,4,5,6,7,8,9,10,11,12,,,,,,,,,,,,,,,
,,1249,1640,2115,295339,282024,277823,4507934,4456399,4665568,2835619,2843892,2917296,,,,,,,,,,,,,,,
,,2830,3543,4303,237994,217468,205822,4563400,4734324,4753520,2800987,2882093,2926252,,,,,,,,,,,,,,,
,,3064,3827,4557,516992,470335,455913,5316576,5378207,5288640,5088786,5096812,6060784,,,,,,,,,,,,,,,
,,2644,3063,3543,358360,349986,347549,4008240,3834687,3882470,3742168,3978002,4118269,,,,,,,,,,,,,,,
,,2432,2682,3150,403273,407845,372554,4732201,4891368,5033072,4226586,4198710,4530352,,,,,,,,,,,,,,,
,,3287,3782,2192,782197,654376,771775,6137362,6018192,6306102,5360938,5167790,5317356,,,,,,,,,,,,,,,
,,,,,,,,,,,,,,,,,,,,,,,,,,,,
,,104,100,253,1035,1239,1338,527,439,1713,9749,12251,12939,,,,,,,,,,,,,,,
~End,,107,117,166,160,207,246,286,275,354,432,559,615,,,,,,,,,,,,,,,
Plate:,Copy Of LUMINISCENCE 2 hr,,,,,,,,,,,,,,,,,,,,,,,,,,,
,,,,,,,,,,,,,,,,,,,,,,,,,,,,
,28,1.3,PlateFormat,Endpoint,Luminescence,Raw,FALSE,1,,,,,,,,,,,,,,,,,,,,
,,1,2,3,4,5,6,7,8,9,10,11,12,,,,,,,,,,,,,,,
,,2644,3063,3543,358360,349986,347549,4008240,3834687,3882470,3742168,3978002,4118269,,,,,,,,,,,,,,,
,,2432,2682,3150,403273,407845,372554,4732201,4891368,5033072,4226586,4198710,4530352,,,,,,,,,,,,,,,
,,3287,3782,2192,782197,654376,771775,6137362,6018192,6306102,5360938,5167790,5317356,,,,,,,,,,,,,,,
,,,,,,,,,,,,,,,,,,,,,,,,,,,,
,,,,,,,,,,,,,,,,,,,,,,,,,,,,
,,,,,,,,,,,,,,,,,,,,,,,,,,,,
,,101,134,362,1734,1814,1861,983,575,2035,11935,13462,12695,,,,,,,,,,,,,,,
~End,,119,135,152,181,243,252,282,335,377,538,657,776,,,,,,,,,,,,,,,
Plate:,LUMINISCENCE 4 hr,,,,,,,,,,,,,,,,,,,,,,,,,,,
,,,,,,,,,,,,,,,,,,,,,,,,,,,,
,28,1.3,PlateFormat,Endpoint,Luminescence,Raw,FALSE,1,,,,,,,,,,,,,,,,,,,,
,,1,2,3,4,5,6,7,8,9,10,11,12,,,,,,,,,,,,,,,
,,879,906,1288,905505,819579,729242,4150840,4224243,4223558,4912894,4963199,5367598,,,,,,,,,,,,,,,
,,2941,3247,3912,786656,659216,657804,7891366,8258754,8213450,7234973,7190166,8123830,,,,,,,,,,,,,,,
,,3055,3335,3678,1178587,1039080,1154368,8549035,8897262,9189270,10068762,9380198,9786067,,,,,,,,,,,,,,,
,,2139,2197,2338,609327,620210,584122,6403714,6654602,6409872,7044018,6685742,6107912,,,,,,,,,,,,,,,
,,2532,2549,2992,521960,547740,544898,7457056,7821778,7429808,7726090,7813508,7662178,,,,,,,,,,,,,,,
,,2702,2719,1645,940071,376437,1028471,8781831,7873998,8571294,8588032,8594497,8961120,,,,,,,,,,,,,,,
,,,,,,,,,,,,,,,,,,,,,,,,,,,,
~End,,145,159,492,2361,2630,3156,919,782,3146,18334,21568,20967,,,,,,,,,,,,,,,
Plate:,Copy Of LUMINISCENCE 4 hr,181,205,293,305,339,376,505,503,651,826,917,975,,,,,,,,,,,,,,,
,,,,,,,,,,,,,,,,,,,,,,,,,,,,
,28,,,,,,,,,,,,,,,,,,,,,,,,,,,
,,1.3,PlateFormat,Endpoint,Luminescence,Raw,FALSE,1,,,,,,,,,,,,,,,,,,,,
,,1,2,3,4,5,6,7,8,9,10,11,12,,,,,,,,,,,,,,,
,,2139,2197,2338,609327,620210,584122,6403714,6654602,6409872,7044018,6685742,6107912,,,,,,,,,,,,,,,
,,2532,2549,2992,521960,547740,544898,7457056,7821778,7429808,7726090,7813508,7662178,,,,,,,,,,,,,,,
,,2702,2719,1645,940071,376437,1028471,8781831,7873998,8571294,8588032,8594497,8961120,,,,,,,,,,,,,,,
,,,,,,,,,,,,,,,,,,,,,,,,,,,,
,,,,,,,,,,,,,,,,,,,,,,,,,,,,
,,,,,,,,,,,,,,,,,,,,,,,,,,,,
~End,,186,215,565,2352,1775,2803,1350,1001,3629,19405,23130,21723,,,,,,,,,,,,,,,
Plate:,LUMINISCENCE 6 hr,228,263,325,367,445,470,572,662,768,1028,1217,1496,,,,,,,,,,,,,,,
,,,,,,,,,,,,,,,,,,,,,,,,,,,,
,28,,,,,,,,,,,,,,,,,,,,,,,,,,,
,,1.3,PlateFormat,Endpoint,Luminescence,Raw,FALSE,1,,,,,,,,,,,,,,,,,,,,
,,1,2,3,4,5,6,7,8,9,10,11,12,,,,,,,,,,,,,,,
,,514,610,2302,6618069,5976392,4766654,8406246,9144795,8047508,6592889,6320561,6352450,,,,,,,,,,,,,,,
,,1897,2123,5785,4636792,4265182,4161770,9870772,10756279,11935551,7426514,6978165,7748782,,,,,,,,,,,,,,,
,,1801,1983,5063,4950120,4796378,5126092,9507846,9471572,11116740,12020956,11170828,11210316,,,,,,,,,,,,,,,
,,1070,1224,2755,5937667,5787500,5424903,7533613,7640188,7150713,7327232,7026612,6193328,,,,,,,,,,,,,,,
,,1264,1365,4919,5237938,5164655,4829592,6947426,6966078,6734009,7146816,7383537,6880350,,,,,,,,,,,,,,,
,,1250,1306,4464,5369032,1086502,5321200,7157400,6602062,7268668,7416742,7613936,7815930,,,,,,,,,,,,,,,
~End,,,,,,,,,,,,,,,,,,,,,,,,,,,,
Plate:,Copy Of LUMINISCENCE 6 hr,314,406,2384,13754,15545,15492,2741,1107,4177,24393,28166,25673,,,,,,,,,,,,,,,
,,365,415,529,743,783,765,711,746,778,976,1103,1073,,,,,,,,,,,,,,,
,28,,,,,,,,,,,,,,,,,,,,,,,,,,,
,,,,,,,,,,,,,,,,,,,,,,,,,,,,
,,1.3,PlateFormat,Endpoint,Luminescence,Raw,FALSE,1,,,,,,,,,,,,,,,,,,,,
,,1,2,3,4,5,6,7,8,9,10,11,12,,,,,,,,,,,,,,,
,,1070,1224,2755,5937667,5787500,5424903,7533613,7640188,7150713,7327232,7026612,6193328,,,,,,,,,,,,,,,
,,1264,1365,4919,5237938,5164655,4829592,6947426,6966078,6734009,7146816,7383537,6880350,,,,,,,,,,,,,,,
,,1250,1306,4464,5369032,1086502,5321200,7157400,6602062,7268668,7416742,7613936,7815930,,,,,,,,,,,,,,,
,,,,,,,,,,,,,,,,,,,,,,,,,,,,
,,,,,,,,,,,,,,,,,,,,,,,,,,,,
~End,,,,,,,,,,,,,,,,,,,,,,,,,,,,
Plate:,LUMINISCENCE 8 hr,341,400,2640,13385,7413,14163,3241,1192,3308,17725,21159,20008,,,,,,,,,,,,,,,
,,355,385,488,673,741,797,753,736,795,972,1078,1337,,,,,,,,,,,,,,,
,28,,,,,,,,,,,,,,,,,,,,,,,,,,,
,,,,,,,,,,,,,,,,,,,,,,,,,,,,
,,1.3,PlateFormat,Endpoint,Luminescence,Raw,FALSE,1,,,,,,,,,,,,,,,,,,,,
,,1,2,3,4,5,6,7,8,9,10,11,12,,,,,,,,,,,,,,,
,,448,567,3793,9590505,9391561,9173457,6409558,6621662,6602473,6339144,6212409,6023750,,,,,,,,,,,,,,,
,,1035,1222,8146,7985284,7304164,7330388,7329108,7806214,8742140,7240186,6882214,7445080,,,,,,,,,,,,,,,
,,994,1155,7214,8088904,7759646,8526855,7427475,7567394,8804456,9527281,9407819,9671860,,,,,,,,,,,,,,,
,,1452,1766,5781,12543807,13122866,13297885,7837204,8208287,7436350,7293126,6856242,6562034,,,,,,,,,,,,,,,
,,1515,2816,13852,9682975,9908855,10131170,6983424,7491108,6947874,7246160,7471690,7043926,,,,,,,,,,,,,,,
~End,,1553,3593,15453,9984907,1945273,11118665,6195138,5749180,7076448,6747434,7691229,8155852,,,,,,,,,,,,,,,
Plate:,Copy Of LUMINISCENCE 8 hr,,,,,,,,,,,,,,,,,,,,,,,,,,,
,,437,545,4387,24677,27938,27687,4509,1763,3616,20046,23512,22596,,,,,,,,,,,,,,,
,28,471,548,992,1014,1121,1022,875,782,830,974,1051,1003,,,,,,,,,,,,,,,
,,,,,,,,,,,,,,,,,,,,,,,,,,,,
,,,,,,,,,,,,,,,,,,,,,,,,,,,,
,,1.3,PlateFormat,Endpoint,Luminescence,Raw,FALSE,1,,,,,,,,,,,,,,,,,,,,
,,1,2,3,4,5,6,7,8,9,10,11,12,,,,,,,,,,,,,,,
,,1452,1766,5781,12543807,13122866,13297885,7837204,8208287,7436350,7293126,6856242,6562034,,,,,,,,,,,,,,,
,,1515,2816,13852,9682975,9908855,10131170,6983424,7491108,6947874,7246160,7471690,7043926,,,,,,,,,,,,,,,
,,1553,3593,15453,9984907,1945273,11118665,6195138,5749180,7076448,6747434,7691229,8155852,,,,,,,,,,,,,,,
,,,,,,,,,,,,,,,,,,,,,,,,,,,,
~End,,,,,,,,,,,,,,,,,,,,,,,,,,,,
Plate:,,,,,,,,,,,,,,,,,,,,,,,,,,,,
,LUMINISCENCE 10 hr,1051,2618,12621,46317,35591,53146,16614,4119,5641,17792,21062,19970,,,,,,,,,,,,,,,
,,987,1340,1823,2433,3702,4124,2632,1760,1172,1310,1350,1569,,,,,,,,,,,,,,,
,28,,,,,,,,,,,,,,,,,,,,,,,,,,,
,,,,,,,,,,,,,,,,,,,,,,,,,,,,
,,1.3,PlateFormat,Endpoint,Luminescence,Raw,FALSE,1,,,,,,,,,,,,,,,,,,,,
,,1,2,3,4,5,6,7,8,9,10,11,12,,,,,,,,,,,,,,,
,,782,1037,9276,26883062,26119238,25578486,5362866,5831598,6029748,6054100,6295774,5908142,,,,,,,,,,,,,,,
,,986,1419,20562,23756320,22489790,21894128,5464232,6150249,6729094,6425686,6603706,6990796,,,,,,,,,,,,,,,
,,1166,1588,18259,20391572,19555716,21046066,5594442,5762642,7097240,7157735,7496614,8248330,,,,,,,,,,,,,,,
,,3433,4541,20439,54814680,52716376,47229436,6017574,6381456,5781022,5323626,5651874,5254719,,,,,,,,,,,,,,,
~End,,3870,8304,61755,40733184,35167144,34630448,4126013,3972389,4757974,5139178,5812268,5891733,,,,,,,,,,,,,,,
Plate:,,3962,10740,55704,35297496,4426952,36495816,3949253,3690731,4784890,4381374,4944633,6133834,,,,,,,,,,,,,,,
,Copy Of LUMINISCENCE 10 hr,,,,,,,,,,,,,,,,,,,,,,,,,,,
,,941,1174,10834,61872,69549,67616,10389,2552,3131,15654,18828,18873,,,,,,,,,,,,,,,
,28,955,1170,2011,2163,2248,2080,1432,1226,1044,1086,1101,1124,,,,,,,,,,,,,,,
,,,,,,,,,,,,,,,,,,,,,,,,,,,,
,,,,,,,,,,,,,,,,,,,,,,,,,,,,
,,1.3,PlateFormat,Endpoint,Luminescence,Raw,FALSE,1,,,,,,,,,,,,,,,,,,,,
,,1,2,3,4,5,6,7,8,9,10,11,12,,,,,,,,,,,,,,,
,,3433,4541,20439,54814680,52716376,47229436,6017574,6381456,5781022,5323626,5651874,5254719,,,,,,,,,,,,,,,
,,3870,8304,61755,40733184,35167144,34630448,4126013,3972389,4757974,5139178,5812268,5891733,,,,,,,,,,,,,,,
,,3962,10740,55704,35297496,4426952,36495816,3949253,3690731,4784890,4381374,4944633,6133834,,,,,,,,,,,,,,,
~End,,,,,,,,,,,,,,,,,,,,,,,,,,,,
Plate:,,,,,,,,,,,,,,,,,,,,,,,,,,,,
,,,,,,,,,,,,,,,,,,,,,,,,,,,,
,,3679,9632,42545,154869,125823,163478,45885,12588,8669,16453,19557,15849,,,,,,,,,,,,,,,
,,2350,3123,4708,6697,7196,7067,4904,4136,2316,2065,2016,1987,,,,,,,,,,,,,,,
,,,,,,,,,,,,,,,,,,,,,,,,,,,,
,,,,,,,,,,,,,,,,,,,,,,,,,,,,
,LUMINISCENCE 12 hr,1.3,PlateFormat,Endpoint,Luminescence,Raw,FALSE,1,,,,,,,,,,,,,,,,,,,,
,,1,2,3,4,5,6,7,8,9,10,11,12,,,,,,,,,,,,,,,
,28,1182,1669,16262,50764908,49811840,49432648,4277122,4602808,4894098,4052456,4824631,5048159,,,,,,,,,,,,,,,
,,1346,2118,36062,46609732,45654232,45426984,2360575,2522344,2897028,4543739,5019706,5863160,,,,,,,,,,,,,,,
,,1458,2147,33444,41643660,41229928,45371360,2894150,2820114,3357336,2939536,3609780,4312285,,,,,,,,,,,,,,,
~End,,6454,11253,50372,91216256,93245064,92632448,2359877,2427568,1968969,1488894,1733249,2131320,,,,,,,,,,,,,,,
Plate:,,7091,12890,89242,72987080,73178824,70952488,1029332,981650,1371786,1424405,1780658,1931166,,,,,,,,,,,,,,,
,,7428,13000,112005,70981064,11669799,72888656,1055503,1149747,1565200,1440335,1889937,2284686,,,,,,,,,,,,,,,
,,,,,,,,,,,,,,,,,,,,,,,,,,,,
,,1515,2148,21452,122115,140361,136926,20823,3561,2297,7330,9789,10711,,,,,,,,,,,,,,,
,,1545,1865,3749,3994,4229,3782,2316,1783,1422,1249,1170,1059,,,,,,,,,,,,,,,
,,,,,,,,,,,,,,,,,,,,,,,,,,,,
,Copy Of LUMINISCENCE 12 hr,,,,,,,,,,,,,,,,,,,,,,,,,,,
,,1.3,PlateFormat,Endpoint,Luminescence,Raw,FALSE,1,,,,,,,,,,,,,,,,,,,,
,28,1,2,3,4,5,6,7,8,9,10,11,12,,,,,,,,,,,,,,,
,,6454,11253,50372,91216256,93245064,92632448,2359877,2427568,1968969,1488894,1733249,2131320,,,,,,,,,,,,,,,
,,7091,12890,89242,72987080,73178824,70952488,1029332,981650,1371786,1424405,1780658,1931166,,,,,,,,,,,,,,,
~End,,7428,13000,112005,70981064,11669799,72888656,1055503,1149747,1565200,1440335,1889937,2284686,,,,,,,,,,,,,,,
,,,,,,,,,,,,,,,,,,,,,,,,,,,,
,,,,,,,,,,,,,,,,,,,,,,,,,,,,
,,,,,,,,,,,,,,,,,,,,,,,,,,,,
,,6347,14318,79294,315719,295247,403280,114360,25857,9393,11259,10724,8829,,,,,,,,,,,,,,,
,,5034,6843,9890,13660,21325,25160,17803,8472,4060,3118,2673,2797,,,,,,,,,,,,,,,